<?xml version="1.0" encoding="UTF-8"?>
<zabbix_export>
    <version>5.0</version>
    <date>2020-09-03T09:58:51Z</date>
    <groups>
        <group>
            <name>Templates/Modules</name>
        </group>
    </groups>
    <templates>
        <template>
            <template>Module advanced ICMP Ping</template>
            <name>Module advanced ICMP Ping</name>
            <description>Module advanced ICMP Ping by Dusan Priechodsky</description>
            <groups>
                <group>
                    <name>Templates/Modules</name>
                </group>
            </groups>
            <applications>
                <application>
                    <name>Status</name>
                </application>
            </applications>
            <items>
                <item>
                    <name>Advanced ping</name>
                    <type>DEPENDENT</type>
                    <key>advanced.ping.avg</key>
                    <delay>0</delay>
                    <value_type>FLOAT</value_type>
                    <units>ms</units>
                    <applications>
                        <application>
                            <name>Status</name>
                        </application>
                    </applications>
                    <preprocessing>
                        <step>
                            <type>REGEX</type>
                            <params>.* : xmt\/rcv\/%loss = \d+\/\d+\/\d+%, min\/avg\/max = .*\/(.*)\/.*
\1</params>
                        </step>
                    </preprocessing>
                    <master_item>
                        <key>Advanced_ping.sh[&quot;{HOST.IP}&quot;,&quot;{$ADV_FPING_POOL_COUNT}&quot;]</key>
                    </master_item>
                    <triggers>
                        <trigger>
                            <expression>{avg(5m)}&gt;{$ADV_ICMP_RESPONSE_TIME_WARN}</expression>
                            <name>High ICMP ping response time</name>
                            <opdata>Last value: {ITEM.LASTVALUE1}</opdata>
                            <priority>WARNING</priority>
                            <dependencies>
                                <dependency>
                                    <name>High ICMP ping loss</name>
                                    <expression>{Module advanced ICMP Ping:advanced.ping.loss.last(#2)}&gt;10</expression>
                                </dependency>
                                <dependency>
                                    <name>Unavailable by ICMP ping</name>
                                    <expression>{Module advanced ICMP Ping:advanced.ping.rcv.last(#3)}=0</expression>
                                </dependency>
                            </dependencies>
                        </trigger>
                    </triggers>
                </item>
                <item>
                    <name>Advanced ping loss</name>
                    <type>DEPENDENT</type>
                    <key>advanced.ping.loss</key>
                    <delay>0</delay>
                    <units>%</units>
                    <applications>
                        <application>
                            <name>Status</name>
                        </application>
                    </applications>
                    <preprocessing>
                        <step>
                            <type>REGEX</type>
                            <params>.* : xmt\/rcv\/%loss = \d+\/\d+\/(\d+)%.*
\1</params>
                        </step>
                    </preprocessing>
                    <master_item>
                        <key>Advanced_ping.sh[&quot;{HOST.IP}&quot;,&quot;{$ADV_FPING_POOL_COUNT}&quot;]</key>
                    </master_item>
                    <triggers>
                        <trigger>
                            <expression>{last(#2)}&gt;10</expression>
                            <name>High ICMP ping loss</name>
                            <opdata>Last value: {ITEM.LASTVALUE1} %</opdata>
                            <priority>WARNING</priority>
                            <dependencies>
                                <dependency>
                                    <name>Unavailable by ICMP ping</name>
                                    <expression>{Module advanced ICMP Ping:advanced.ping.rcv.last(#3)}=0</expression>
                                </dependency>
                            </dependencies>
                        </trigger>
                    </triggers>
                </item>
                <item>
                    <name>Advanced ping max</name>
                    <type>DEPENDENT</type>
                    <key>advanced.ping.max</key>
                    <delay>0</delay>
                    <value_type>FLOAT</value_type>
                    <units>ms</units>
                    <applications>
                        <application>
                            <name>Status</name>
                        </application>
                    </applications>
                    <preprocessing>
                        <step>
                            <type>REGEX</type>
                            <params>.* : xmt\/rcv\/%loss = \d+\/\d+\/\d+%, min\/avg\/max = .*\/.*\/(.*)
\1</params>
                        </step>
                    </preprocessing>
                    <master_item>
                        <key>Advanced_ping.sh[&quot;{HOST.IP}&quot;,&quot;{$ADV_FPING_POOL_COUNT}&quot;]</key>
                    </master_item>
                </item>
                <item>
                    <name>Advanced ping min</name>
                    <type>DEPENDENT</type>
                    <key>advanced.ping.min</key>
                    <delay>0</delay>
                    <value_type>FLOAT</value_type>
                    <units>ms</units>
                    <applications>
                        <application>
                            <name>Status</name>
                        </application>
                    </applications>
                    <preprocessing>
                        <step>
                            <type>REGEX</type>
                            <params>.* : xmt\/rcv\/%loss = \d+\/\d+\/\d+%, min\/avg\/max = (.*)\/.*\/.*
\1</params>
                        </step>
                    </preprocessing>
                    <master_item>
                        <key>Advanced_ping.sh[&quot;{HOST.IP}&quot;,&quot;{$ADV_FPING_POOL_COUNT}&quot;]</key>
                    </master_item>
                </item>
                <item>
                    <name>Advanced ping recive</name>
                    <type>DEPENDENT</type>
                    <key>advanced.ping.rcv</key>
                    <delay>0</delay>
                    <applications>
                        <application>
                            <name>Status</name>
                        </application>
                    </applications>
                    <preprocessing>
                        <step>
                            <type>REGEX</type>
                            <params>.* : xmt\/rcv\/%loss = \d+\/(\d+)\/\d+%.*
\1</params>
                        </step>
                    </preprocessing>
                    <master_item>
                        <key>Advanced_ping.sh[&quot;{HOST.IP}&quot;,&quot;{$ADV_FPING_POOL_COUNT}&quot;]</key>
                    </master_item>
                    <triggers>
                        <trigger>
                            <expression>{last(#3)}=0</expression>
                            <name>Unavailable by ICMP ping</name>
                            <opdata>Last value: {ITEM.LASTVALUE1}</opdata>
                            <priority>HIGH</priority>
                        </trigger>
                    </triggers>
                </item>
                <item>
                    <name>Advanced ping send</name>
                    <type>DEPENDENT</type>
                    <key>advanced.ping.xmt</key>
                    <delay>0</delay>
                    <applications>
                        <application>
                            <name>Status</name>
                        </application>
                    </applications>
                    <preprocessing>
                        <step>
                            <type>REGEX</type>
                            <params>.* : xmt\/rcv\/%loss = (\d+)\/\d+\/\d+%.*
\1</params>
                        </step>
                    </preprocessing>
                    <master_item>
                        <key>Advanced_ping.sh[&quot;{HOST.IP}&quot;,&quot;{$ADV_FPING_POOL_COUNT}&quot;]</key>
                    </master_item>
                </item>
                <item>
                    <name>Advanced ping sum results</name>
                    <type>EXTERNAL</type>
                    <key>Advanced_ping.sh[&quot;{HOST.IP}&quot;,&quot;{$ADV_FPING_POOL_COUNT}&quot;]</key>
                    <trends>0</trends>
                    <value_type>TEXT</value_type>
                    <applications>
                        <application>
                            <name>Status</name>
                        </application>
                    </applications>
                </item>
            </items>
            <macros>
                <macro>
                    <macro>{$ADV_FPING_POOL_COUNT}</macro>
                    <value>10</value>
                    <description>ping count in same pool</description>
                </macro>
                <macro>
                    <macro>{$ADV_ICMP_LOSS_WARN}</macro>
                    <value>20</value>
                    <description>%</description>
                </macro>
                <macro>
                    <macro>{$ADV_ICMP_MAX_TIME_MULTIPLE}</macro>
                    <value>10</value>
                    <description>maximum possible multiple between min and max</description>
                </macro>
                <macro>
                    <macro>{$ADV_ICMP_RESPONSE_TIME_WARN}</macro>
                    <value>200</value>
                    <description>ms</description>
                </macro>
            </macros>
            <screens>
                <screen>
                    <name>Advanced ICMP PING</name>
                    <hsize>1</hsize>
                    <vsize>2</vsize>
                    <screen_items>
                        <screen_item>
                            <resourcetype>0</resourcetype>
                            <style>0</style>
                            <resource>
                                <name>ICMP Advanced Ping, min/max (yellow), loss % (red, left Y-axis)</name>
                                <host>Module advanced ICMP Ping</host>
                            </resource>
                            <width>900</width>
                            <height>250</height>
                            <x>0</x>
                            <y>0</y>
                            <colspan>1</colspan>
                            <rowspan>1</rowspan>
                            <elements>0</elements>
                            <valign>0</valign>
                            <halign>0</halign>
                            <dynamic>0</dynamic>
                            <sort_triggers>0</sort_triggers>
                            <url/>
                            <application/>
                            <max_columns>3</max_columns>
                        </screen_item>
                        <screen_item>
                            <resourcetype>3</resourcetype>
                            <style>0</style>
                            <resource>
                                <key>Advanced_ping.sh[&quot;{HOST.IP}&quot;,&quot;{$ADV_FPING_POOL_COUNT}&quot;]</key>
                                <host>Module advanced ICMP Ping</host>
                            </resource>
                            <width>500</width>
                            <height>100</height>
                            <x>0</x>
                            <y>1</y>
                            <colspan>1</colspan>
                            <rowspan>1</rowspan>
                            <elements>5</elements>
                            <valign>0</valign>
                            <halign>0</halign>
                            <dynamic>0</dynamic>
                            <sort_triggers>0</sort_triggers>
                            <url/>
                            <application/>
                            <max_columns>3</max_columns>
                        </screen_item>
                    </screen_items>
                </screen>
            </screens>
        </template>
    </templates>
    <triggers>
        <trigger>
            <expression>{Module advanced ICMP Ping:advanced.ping.max.avg(5m)}/{Module advanced ICMP Ping:advanced.ping.min.avg(5m)}&gt;{$ADV_ICMP_MAX_TIME_MULTIPLE}</expression>
            <name>High ICMP ping time differences (Min/Max)</name>
            <opdata>Last min: {ITEM.LASTVALUE2}, max: {ITEM.LASTVALUE1}</opdata>
            <priority>WARNING</priority>
            <dependencies>
                <dependency>
                    <name>Unavailable by ICMP ping</name>
                    <expression>{Module advanced ICMP Ping:advanced.ping.rcv.last(#3)}=0</expression>
                </dependency>
            </dependencies>
        </trigger>
    </triggers>
    <graphs>
        <graph>
            <name>ICMP Advanced Ping, min/max (yellow), loss % (red, left Y-axis)</name>
            <show_triggers>NO</show_triggers>
            <show_legend>NO</show_legend>
            <ymin_type_1>FIXED</ymin_type_1>
            <graph_items>
                <graph_item>
                    <drawtype>GRADIENT_LINE</drawtype>
                    <color>FF0000</color>
                    <calc_fnc>ALL</calc_fnc>
                    <item>
                        <host>Module advanced ICMP Ping</host>
                        <key>advanced.ping.loss</key>
                    </item>
                </graph_item>
                <graph_item>
                    <sortorder>1</sortorder>
                    <drawtype>DASHED_LINE</drawtype>
                    <color>FFFF00</color>
                    <yaxisside>RIGHT</yaxisside>
                    <calc_fnc>MAX</calc_fnc>
                    <item>
                        <host>Module advanced ICMP Ping</host>
                        <key>advanced.ping.max</key>
                    </item>
                </graph_item>
                <graph_item>
                    <sortorder>2</sortorder>
                    <drawtype>DASHED_LINE</drawtype>
                    <color>FFFF00</color>
                    <yaxisside>RIGHT</yaxisside>
                    <calc_fnc>MIN</calc_fnc>
                    <item>
                        <host>Module advanced ICMP Ping</host>
                        <key>advanced.ping.min</key>
                    </item>
                </graph_item>
                <graph_item>
                    <sortorder>3</sortorder>
                    <drawtype>BOLD_LINE</drawtype>
                    <color>FFFFFF</color>
                    <yaxisside>RIGHT</yaxisside>
                    <item>
                        <host>Module advanced ICMP Ping</host>
                        <key>advanced.ping.avg</key>
                    </item>
                </graph_item>
            </graph_items>
        </graph>
    </graphs>
</zabbix_export>
